id,catalogNumber,datasetName,scientificName,locality,municipality,county,stateProvince,country,verbatimLatitude,verbatimLongitude,verbatimElevation,habitat,verbatimEventDate,eventDate,recordedBy,recordNumber,identifiedBy,dateIdentified,otherCatalogNumbers,associatedTaxa,comment
970977,01516721,"LICHENS OF TENNESSEE, U.S.A.",Coccocarpia palmicola (Sprengel) Arvidsson & Galloway,"Big South Fork National River and Recreation Area, Honey Creek Quad., along North White Oak Creek",,Scott,Tennessee,United States,"36°27'05""N","84°40'30""W",ca. 275 m,on rock; sandstone boulders at edge of creek and sandstone faces along road.,7 August 1994,1994-08-07,Richard C. Harris,32993,,,,,The New York Botanical Garden
1074331,0221757,LICHENS OF FLORIDA,Coccocarpia parmelioides (Hook.) Tuck. ex Curt.,"Near Yulee, along US 17.",,Nassau,Florida,,,,,Trunk of red maple in wet hardwoods.,"August 16, 1967",1967-08-16,BARBARA JO MOORE,"4,124",BARBARA JO MOORE,,,,
970976,01516720,LICHENS OF TENNESSEE,Coccocarpia palmicola (Sprengel.) Arvidsson & Galloway,"Cherokee National Forest, Bald River Falls Quad., along Laurel Creek between SR 165 and Forest Service Road 35",,Monroe,Tennessee,,"35°20'50""N","84°11'45""W",ca. 400 m,on rock; mesic hemlock-hardwood forest.,6 August 1994,1994-08-06,Richard C. Harris,32891,,,,,The New York Botanical Garden
1008229,01518873,LICHENS OF FLORIDA,Byssoloma leucoblepharum (Nyl.) Vainio,"Edward Ball Wakulla Springs State Park, along nature trail",,Wakulla,FLORIDA,,ca. 30°14'N,84°18'W,,,26-27 December 1990,1990-12-26/1990-12-27,William R. Buck,18991,,,,,HERBARIUM OF THE NEW YORK BOTANICAL GARDEN
970967,01516711,NORTH AMERICAN FLORA,Parnassia molybdaea caroliniana hyl.,near Crowders Mt.,,,North Carolina,,,,,,28-VII-1886,1886-07-28,H. A. Green,,,,Ex Herb. H. A. Green.,,HERBARIUM OF COLUMBIA UNIVERSITY
IMG_2716,,LICHENS OF CALIFORNIA,Acarospora strigata (Nyl.) Jatta,"UC White Mtns, Research Station, Crooked Creek road, East of Research Station.",,Mono,California,,"N37°30' 18""","W118°09' 11""",9995',Dolomite outcrop in Bristlecone-limber pine forest. On dolomite.,2 July 2005,2005-07-02,Ronald & Judith Robertson,9318b,Judith Robertson,,,,
1559187,USF 266466,Lichen Herbarium of W.W. Safranek,Calopadia fusca (Müll Arg.) Vězda,"Fakahatchee Strand Preserve State Park, (Tuckerman site ?)",,Collier County,Florida,United States,"25°57'05""N","81°21'35""W",1.5 – 3.0 m,on Dahoon Holly (Ilex cassine) (?) leaf,March 2009,2009-03,F. Seavey,13,F. Seavey,,,Ilex cassine,
IMG_2709,245081,HERBARIUM OF POMONA COLLEGE,Acarospora strigata (Nyl.) Jatta,Palm Springs (Tichewerlik?),,Riverside,California,,,,,,1903,1903-01-01,,1327,,,Ex Herb. H. E. Hasse.,Acarospora peltasticta v. Zahlbr. n. v.?,
UC46732_2,,F. RENAULD & J. CARDOT,Fontinalis antipyretica L.I Hedw.,lacus Pavin Arverniae,,,,France,,,,,,,F. Renauld,30,Winona H. Welch,1945-08-14,Musci europæi exsiccati,,In aquis profundis
954307,01398165,NEW YORK BOTANICAL GARDEN,Strigula complanata (Fee) Mont. ?,Lake City,,,Florida,,,,,on Magnolia grandiflora,,,R.H.,3,Richard C. Harris,1991,HERBARIUM OF MR. F.S. EARLE PURCHASED 1892,Magnolia grandiflora,thallus pcd; ascospores 4-celled
